customerID,ActualChurn,ChurnProbability,RiskCategory
4376-KFVRS,0,0.037895194958287366,Low Risk
2754-SDJRD,0,0.7932319597239148,High Risk
9917-KWRBE,0,0.06690825862657519,Low Risk
0365-GXEZS,0,0.3363970316533148,Medium Risk
9385-NXKDA,0,0.03847567447093761,Low Risk
4686-UXDML,0,0.5802527303203361,Medium Risk
2227-JRSJX,0,0.44396215672794187,Medium Risk
4830-FAXFM,0,0.10318203962508125,Low Risk
1830-IPXVJ,0,0.02085353954779783,Low Risk
4690-LLKUA,1,0.34342222187383586,Medium Risk
5804-HYIEZ,0,0.3152496974610012,Medium Risk
2388-LAESQ,0,0.03790566376668705,Low Risk
5533-RJFTJ,0,0.18993950731439144,Low Risk
4706-AXVKM,1,0.6506148339321723,High Risk
0997-YTLNY,0,0.13285497370453797,Low Risk
7971-HLVXI,0,0.07765466491203524,Low Risk
7337-CINUD,0,0.031037996352211022,Low Risk
1379-FRVEB,0,0.6030406630231151,High Risk
4753-PADAS,0,0.21047580122942502,Low Risk
5701-GUXDC,0,0.05970673047689636,Low Risk
7235-NXZCP,1,0.7079386931545806,High Risk
0668-OGMHD,0,0.242668859976157,Low Risk
2812-REYAT,0,0.0362533185640916,Low Risk
8779-YIQQA,0,0.038504080285352724,Low Risk
9701-CDXHR,0,0.18415391442580398,Low Risk
7130-CTCUS,0,0.1758710443257362,Low Risk
1894-IGFSG,1,0.39355583299810887,Medium Risk
0871-URUWO,1,0.6895798069848278,High Risk
0057-QBUQH,0,0.03127505865216121,Low Risk
9611-CTWIH,1,0.7501335878637297,High Risk
8058-DMYRU,0,0.43277894663585365,Medium Risk
5351-QESIO,0,0.5522443248860274,Medium Risk
4302-ZYFEL,0,0.03233698613616219,Low Risk
6134-KWTBV,0,0.021404437135127363,Low Risk
2034-GDRCN,1,0.7857448340770803,High Risk
9544-PYPSJ,0,0.25353355483833473,Low Risk
4208-UFFGW,1,0.49112567622168507,Medium Risk
9537-JALFH,0,0.02170399319312846,Low Risk
4415-IJZTP,1,0.8507921014989498,High Risk
4701-MLJPN,1,0.17576922574056883,Low Risk
7515-LODFU,0,0.02892439652544882,Low Risk
4927-WWOOZ,0,0.8196221735211694,High Risk
4067-HLYQI,0,0.28585074283382755,Low Risk
6184-DYUOB,0,0.1573960081084309,Low Risk
9209-NWPGU,0,0.05918205053206547,Low Risk
9851-KIELU,1,0.6166965096959655,High Risk
3199-XGZCY,0,0.7090215243856491,High Risk
4226-KKDON,0,0.24012484481550186,Low Risk
1085-LDWAM,0,0.03202548445319002,Low Risk
6825-UYPFK,1,0.2592652329528902,Low Risk
1767-CJKBA,0,0.022109475347723857,Low Risk
7181-BQYBV,1,0.8431645311732,High Risk
0178-CIIKR,0,0.14413036152485648,Low Risk
4256-ZWTZI,0,0.2892856282092292,Low Risk
9537-VHDTA,0,0.38325945378211934,Medium Risk
2754-XBHTB,1,0.5484115267083205,Medium Risk
5975-BAICR,0,0.08109767794512306,Low Risk
3301-VKTGC,0,0.05409765836588284,Low Risk
2877-VDUER,0,0.061780327128159396,Low Risk
7717-BICXI,0,0.020993103366228828,Low Risk
0562-FGDCR,0,0.020003813680378662,Low Risk
3705-PSNGL,1,0.043286764364994415,Low Risk
0048-LUMLS,0,0.11740112856129709,Low Risk
6497-TILVL,0,0.16864253669121776,Low Risk
2108-YKQTY,1,0.2839687035506557,Low Risk
3658-KIBGF,1,0.47364630043475603,Medium Risk
5482-NUPNA,1,0.1513992396307312,Low Risk
7410-KTVFV,1,0.21160691049369573,Low Risk
9033-EOXWV,1,0.13266770404858907,Low Risk
8821-XNHVZ,1,0.8355368586988469,High Risk
8224-KDLKN,0,0.018710512927289303,Low Risk
4825-FUREZ,0,0.02786676406829052,Low Risk
7534-BFESC,1,0.5321526277876516,Medium Risk
9138-EFSMO,0,0.10851067888112424,Low Risk
4227-OJHAL,0,0.049801083134304924,Low Risk
7279-NMVJC,0,0.043172970346994834,Low Risk
8591-TKMZH,0,0.07936910631086957,Low Risk
9283-LZQOH,1,0.47757727349685886,Medium Risk
3594-IVHJZ,0,0.15044191533090048,Low Risk
1945-XISKS,0,0.02234193046576632,Low Risk
4359-INNWN,0,0.043172970346994834,Low Risk
7649-SIJJF,0,0.023485422956463903,Low Risk
9254-RBFON,1,0.23639899017469418,Low Risk
0970-ETWGE,1,0.8434573483802223,High Risk
7762-ONLJY,0,0.04552659057097905,Low Risk
6710-HSJRD,0,0.3813363637049056,Medium Risk
8873-GLDMH,0,0.6827335924022583,High Risk
9907-SWKKF,1,0.6884993487258998,High Risk
4658-HCOHW,1,0.46366067714627707,Medium Risk
9330-VOFSZ,0,0.1038248080721816,Low Risk
2860-RANUS,1,0.47097013926038483,Medium Risk
6234-PFPXL,0,0.31595238015490573,Medium Risk
7205-BAIAD,0,0.026383572380366597,Low Risk
3858-VOBET,1,0.520554608003595,Medium Risk
5103-MHMHY,1,0.524906575625904,Medium Risk
6119-SPUDB,0,0.028244257103034822,Low Risk
9389-ACWBI,0,0.4996055138678158,Medium Risk
3454-JFUBC,0,0.027122011775017742,Low Risk
1768-ZAIFU,1,0.8006322089447965,High Risk
7017-VFULY,0,0.1217297328402817,Low Risk
9221-OTIVJ,1,0.732445519381202,High Risk
2482-CZGBB,1,0.5798623162297556,Medium Risk
7018-WBJNK,0,0.4446873100336582,Medium Risk
3331-HQDTW,1,0.3131402172314337,Medium Risk
4695-VADHF,1,0.23013067163556936,Low Risk
4086-WITJG,0,0.019151553963343698,Low Risk
6297-NOOPG,0,0.21405786875141705,Low Risk
8777-PVYGU,0,0.05918670469823242,Low Risk
4378-MYPGO,0,0.06916088666068623,Low Risk
9313-CDOGY,0,0.07776173466301668,Low Risk
4121-AGSIN,0,0.03310407823138472,Low Risk
0432-CAJZV,0,0.661177909514381,High Risk
9097-ZUBYC,0,0.14790147481872698,Low Risk
9638-JIQYA,0,0.5549023800254086,Medium Risk
1024-GUALD,1,0.6987121250714675,High Risk
8024-XNAFQ,0,0.08069260840202912,Low Risk
7587-RZNME,1,0.47738008030787593,Medium Risk
1346-UFHAX,0,0.4068560894565131,Medium Risk
6374-NTQLP,0,0.0753636178407429,Low Risk
6625-FLENO,0,0.022934396109798933,Low Risk
7375-WMVMT,0,0.04246610466614372,Low Risk
6910-HADCM,1,0.7944263514344104,High Risk
7401-JIXNM,0,0.027070937332833975,Low Risk
7338-ERIVA,0,0.042213810073769995,Low Risk
5376-DEQCP,1,0.807965147364173,High Risk
0909-SELIE,0,0.02649713373448776,Low Risk
5419-KLXBN,1,0.36545060249154976,Medium Risk
0365-TRTPY,0,0.1698435317428837,Low Risk
6712-OAWRH,1,0.5096031989106445,Medium Risk
2428-ZMCTB,0,0.0861168739938434,Low Risk
1963-VAUKV,1,0.29249495267723064,Low Risk
9381-NDKME,1,0.31495522964926453,Medium Risk
3729-OWRVL,0,0.1531122680913133,Low Risk
0895-LMRSF,0,0.13468856079986055,Low Risk
2676-SSLTO,0,0.04950513473931218,Low Risk
8495-PRWFH,0,0.3065319882940562,Medium Risk
9030-QGZNL,0,0.0318673531337571,Low Risk
9972-NKTFD,0,0.10164732879172288,Low Risk
7998-WNZEM,0,0.0227115448887742,Low Risk
0979-PHULV,1,0.3908623036667674,Medium Risk
6445-TNRXS,0,0.06010164144570884,Low Risk
9586-JGQKH,0,0.08531245192151077,Low Risk
3966-HRMZA,0,0.5670411433444625,Medium Risk
5498-IBWPI,0,0.06267234585400999,Low Risk
6823-SIDFQ,0,0.032839632896374434,Low Risk
2323-ARSVR,0,0.11482955557433971,Low Risk
5468-BPMMO,0,0.08019357048115486,Low Risk
0486-HECZI,1,0.3613278633483867,Medium Risk
2178-PMGCJ,0,0.32257711144449047,Medium Risk
4660-IRIBM,0,0.3168663183613825,Medium Risk
9674-EHPPG,0,0.028471651330061007,Low Risk
5606-AMZBO,0,0.44133926454041295,Medium Risk
0665-XHDJU,0,0.1288837398827835,Low Risk
5402-HTOTQ,0,0.29350486967557476,Low Risk
8258-GSTJK,1,0.7733483995099024,High Risk
3787-TRIAL,0,0.3977368646285008,Medium Risk
6175-IRFIT,0,0.5821687597944888,Medium Risk
6317-YPKDH,1,0.5048984690869894,Medium Risk
5692-FPTAH,1,0.580463604031006,Medium Risk
5373-SFODM,1,0.4036267694765361,Medium Risk
0868-VJRDR,0,0.0777535881597365,Low Risk
4079-VTGLK,0,0.12013909652887016,Low Risk
1166-PQLGG,0,0.01907665239646094,Low Risk
5296-BFCYD,0,0.022309776464597277,Low Risk
6568-POCUI,0,0.07253849701705643,Low Risk
2839-RFSQE,1,0.12385249331175946,Low Risk
2188-SXWVT,0,0.04759920583439338,Low Risk
8849-GYOKR,1,0.15787031676325708,Low Risk
3623-FQBOX,0,0.09205694390151031,Low Risk
2649-HWLYB,0,0.02955237241863587,Low Risk
0599-XNYDO,0,0.32731943546306197,Medium Risk
2514-GINMM,1,0.8536327994855939,High Risk
8401-EMUWF,0,0.14046477147709635,Low Risk
5766-ZJYBB,1,0.27972774736777495,Low Risk
2604-IJPDU,0,0.3846376791124323,Medium Risk
2501-XWWTZ,0,0.4422132182002023,Medium Risk
6370-ZVHDV,0,0.02118122137037384,Low Risk
3027-YNWZU,0,0.021579195450619433,Low Risk
4526-ZJJTM,0,0.33632225678058797,Medium Risk
0440-QEXBZ,0,0.17803005004658437,Low Risk
0330-IVZHA,1,0.543772882388796,Medium Risk
9758-MFWGD,0,0.09153525799538952,Low Risk
4229-CZMLL,1,0.7464977513845478,High Risk
0742-MOABM,1,0.24797669292794905,Low Risk
4277-BWBML,0,0.019010506186035076,Low Risk
5136-GFPMB,0,0.2610047743258605,Low Risk
7520-HQWJU,0,0.0978005898081679,Low Risk
6304-IJFSQ,1,0.40681819615548986,Medium Risk
0297-RBCSG,0,0.10582320994073968,Low Risk
6013-BHCAW,0,0.04721191286819187,Low Risk
4402-FTBXC,0,0.1808863665483337,Low Risk
1471-GIQKQ,0,0.4692219778555878,Medium Risk
4283-FUTGF,1,0.6124197479985232,High Risk
9548-LERKT,0,0.02399699011566519,Low Risk
8059-UDZFY,0,0.42380970739778473,Medium Risk
0410-IPFTY,0,0.3501095411144867,Medium Risk
2478-EEWWM,0,0.3348864117083341,Medium Risk
4619-EVPHY,0,0.19875584785129358,Low Risk
2277-DJJDL,0,0.43866954810263964,Medium Risk
2911-WDXMV,0,0.40342248794422064,Medium Risk
3639-XJHKQ,0,0.20878587616788102,Low Risk
8173-RXAYP,0,0.023866560545391994,Low Risk
4537-CIBHB,0,0.045571332219728374,Low Risk
5442-BXVND,0,0.0704924960576645,Low Risk
2308-STERM,0,0.15267150605324167,Low Risk
7159-NOKYQ,0,0.10346139436416979,Low Risk
6075-QMNRR,0,0.12300441818765528,Low Risk
3694-GLTJM,0,0.14285443127258077,Low Risk
9629-NHXFW,0,0.36721968009096034,Medium Risk
7167-PCEYD,0,0.02269717159783765,Low Risk
2748-MYRVK,1,0.13458495157353167,Low Risk
4223-WOZCM,0,0.5223420450726621,Medium Risk
6946-LMSQS,1,0.1689015913151254,Low Risk
5469-NUJUR,0,0.031017282790315542,Low Risk
6388-TABGU,0,0.03979503194441756,Low Risk
1261-FWTTE,0,0.3242654491089453,Medium Risk
8590-YFFQO,0,0.022481752185541732,Low Risk
0082-OQIQY,0,0.42962804369218127,Medium Risk
9465-RWMXL,1,0.4993874106482381,Medium Risk
2930-UOTMB,1,0.08428212683401833,Low Risk
9128-CPXKI,0,0.10389064630606358,Low Risk
0484-FFVBJ,0,0.12837573323262233,Low Risk
1100-DDVRV,0,0.31680621373831036,Medium Risk
9313-QOLTZ,0,0.06883046799520963,Low Risk
3338-CVVEH,0,0.674092262957689,High Risk
1131-SUEKT,0,0.11584371093070381,Low Risk
7602-DBTOU,0,0.01925125832787833,Low Risk
1385-TQOZW,0,0.11353597702492138,Low Risk
6892-XPFPU,1,0.6980337031080454,High Risk
4115-NZRKS,0,0.7038592676683706,High Risk
5514-YQENT,0,0.1557002598515842,Low Risk
6319-IEJWJ,1,0.5133677230462333,Medium Risk
8849-AYPTR,0,0.3596695401406474,Medium Risk
5893-PYOLZ,0,0.04087578277042851,Low Risk
7180-PISOG,1,0.8350227761976069,High Risk
8443-ZRDBZ,1,0.7511336609260209,High Risk
9079-YEXQJ,1,0.32608533541016077,Medium Risk
3780-YVMFA,0,0.2789594187582765,Low Risk
6968-MHOMU,0,0.139690577723445,Low Risk
0899-LIIBW,0,0.4932523662202421,Medium Risk
3677-IYRBF,1,0.7608918464004157,High Risk
8393-DLHGA,1,0.5397925511929407,Medium Risk
7691-XVTZH,0,0.06966655333512772,Low Risk
5360-LJCNJ,0,0.0962275197258288,Low Risk
3891-PUQOD,1,0.599390078729363,Medium Risk
0952-KMEEH,1,0.5496626971123747,Medium Risk
4919-IKATY,1,0.6152166897552748,High Risk
9746-UGFAC,0,0.0401488309719177,Low Risk
9108-EQPNQ,0,0.03192382524807584,Low Risk
0531-ZZJWQ,0,0.40531551705487606,Medium Risk
8763-KIAFH,0,0.037496069781901994,Low Risk
5863-OOKCL,0,0.0895012654475898,Low Risk
2958-NHPPS,0,0.08870886009678697,Low Risk
9530-GRMJG,0,0.056827382520522225,Low Risk
1809-DMJHQ,1,0.3090692141934233,Medium Risk
0164-XAIRP,0,0.026668676738964735,Low Risk
2926-JEJJC,0,0.05366625086951527,Low Risk
1169-WCVAK,0,0.2511724686818286,Low Risk
1217-VASWC,0,0.26027801895264413,Low Risk
2452-KDRRH,0,0.39478505687600673,Medium Risk
6402-EJMWF,0,0.38827102801250324,Medium Risk
7663-CUXZB,0,0.10941371178261751,Low Risk
4312-KFRXN,0,0.01874273286042264,Low Risk
3011-WQKSZ,0,0.12583724755587486,Low Risk
9747-DDZOS,1,0.732607115250429,High Risk
2091-MJTFX,1,0.13577555829942312,Low Risk
0388-EOPEX,1,0.5308160456056823,Medium Risk
3161-ONRWK,0,0.03174286276365324,Low Risk
2587-EKXTS,0,0.38421575141108655,Medium Risk
9752-ZNQUT,0,0.6299213605945905,High Risk
9572-WUKSB,0,0.5029064525815953,Medium Risk
3836-FZSDJ,0,0.02405723216001444,Low Risk
8805-JNRAZ,0,0.41097144234539695,Medium Risk
3069-SSVSN,0,0.20052980788291436,Low Risk
8015-IHCGW,0,0.03778729460752342,Low Risk
8132-YPVBX,0,0.6779582424911609,High Risk
0235-KGSLC,1,0.8186859515137149,High Risk
1302-UHBDD,0,0.4584471311697917,Medium Risk
3722-WPXTK,1,0.8463300758248369,High Risk
7531-GQHME,0,0.08669585526502742,Low Risk
1335-NTIUC,0,0.4883409129416184,Medium Risk
9367-TCUYN,0,0.10407273034838954,Low Risk
1536-HBSWP,0,0.41773742346352627,Medium Risk
8573-JGCZW,0,0.04658821431362788,Low Risk
2694-CIUMO,0,0.5165352046142292,Medium Risk
2027-FECZV,1,0.7232231254927951,High Risk
9103-TCIHJ,1,0.19660523656905002,Low Risk
1545-JFUML,0,0.07408878305267362,Low Risk
0524-IAVZO,1,0.5294294208593975,Medium Risk
5519-TEEUH,0,0.03740109902499201,Low Risk
6654-QGBZZ,0,0.36655705077969425,Medium Risk
2294-DMMUS,0,0.17199009257707762,Low Risk
0017-IUDMW,0,0.03189881342455682,Low Risk
5018-LXQQG,0,0.09330160472926846,Low Risk
5808-TOTXO,0,0.05495785580633588,Low Risk
1174-FGIFN,0,0.15705175217358322,Low Risk
0730-KOAVE,0,0.331101464433207,Medium Risk
1218-VKFPE,1,0.08476941495783091,Low Risk
5313-FPXWG,0,0.03684714474903019,Low Risk
2834-JKOOW,0,0.04991369458087521,Low Risk
9430-NKQLY,0,0.018310944292993125,Low Risk
0363-QJVFX,1,0.29573368381054577,Low Risk
1658-TJVOA,0,0.5286330015323885,Medium Risk
6685-GBWJZ,0,0.03354957972083231,Low Risk
6328-ZPBGN,1,0.7042733611885945,High Risk
4003-FUSHP,0,0.17474397917625875,Low Risk
7690-KPNCU,0,0.06709455068497376,Low Risk
2969-WGHQO,0,0.08096575679639799,Low Risk
1855-CFULU,0,0.15677202303474658,Low Risk
9788-YTFGE,0,0.11430129509677374,Low Risk
8266-VBFQL,0,0.6445428401092337,High Risk
2325-NBPZG,0,0.48716402511954116,Medium Risk
9906-NHHVC,0,0.07715263522335214,Low Risk
2541-YGPKE,0,0.05726718358236072,Low Risk
5049-MUBWG,0,0.059041456050419966,Low Risk
2332-TODQS,0,0.03548628342905332,Low Risk
4419-UJMUS,0,0.12253808637349406,Low Risk
2233-TXSIU,0,0.07080606024219312,Low Risk
6770-XUAGN,1,0.3668752769614815,Medium Risk
2919-HBCJO,1,0.609310827761516,High Risk
9508-ILZDG,0,0.4128448425409072,Medium Risk
5442-BHQNG,0,0.5721875394708884,Medium Risk
7250-EQKIY,1,0.5550262698725862,Medium Risk
6838-HVLXG,0,0.09127145878865,Low Risk
9767-FFLEM,0,0.26962134833446993,Low Risk
2245-ADZFJ,0,0.045877966931908466,Low Risk
1150-WFARN,1,0.10369133770134847,Low Risk
9054-FOWNV,0,0.5884805386662936,Medium Risk
7997-EASSD,0,0.06613358769840194,Low Risk
7560-QJAVJ,0,0.032117240403371716,Low Risk
2668-TZSPS,0,0.27274519291475197,Low Risk
9139-WQQDY,1,0.16976370747381656,Low Risk
6726-NNFWD,0,0.048412967039114796,Low Risk
9330-DHBFL,0,0.04287468450836127,Low Risk
5727-MYATE,0,0.021019572828066335,Low Risk
2824-DXNKN,0,0.03710732009146817,Low Risk
6166-ILMNY,1,0.534862354573698,Medium Risk
5236-XMZJY,0,0.10303682297848274,Low Risk
1709-EJDOX,0,0.022000308546889554,Low Risk
4962-CHQPW,0,0.03413458737841754,Low Risk
0301-FIDRB,0,0.021327147055759155,Low Risk
1820-TQVEV,1,0.8145115250759052,High Risk
9115-YQHGA,0,0.1766047957948295,Low Risk
1541-ETJZO,1,0.39490170788625656,Medium Risk
6230-BSUXY,1,0.8507030754944518,High Risk
6797-LNAQX,1,0.0665957412869798,Low Risk
9588-YRFHY,0,0.024413981092743866,Low Risk
1092-GANHU,1,0.4687282098183848,Medium Risk
5951-AOFIH,0,0.18026294304142784,Low Risk
7029-RPUAV,1,0.6129955527738201,High Risk
4700-UBQMV,0,0.11108541971627817,Low Risk
3594-UVONA,1,0.07837160325610011,Low Risk
7750-EYXWZ,0,0.13569458343229868,Low Risk
7054-ENNGU,0,0.1998722401988882,Low Risk
0402-OAMEN,0,0.01868014782906426,Low Risk
2195-VVRJF,0,0.21245094562410693,Low Risk
8819-ZBYNA,0,0.09679483637928886,Low Risk
7748-UMTRK,0,0.527710977662923,Medium Risk
1741-WTPON,0,0.10431493607340929,Low Risk
7209-JCUDS,1,0.6996285649848327,High Risk
2485-ITVKB,1,0.7143927889509654,High Risk
9648-BCHKM,0,0.03361150465126632,Low Risk
0743-HRVFF,0,0.12005089023972337,Low Risk
2522-AHJXR,0,0.2838370741242834,Low Risk
9143-CANJF,0,0.11330485237515005,Low Risk
1444-VVSGW,1,0.18179105160277503,Low Risk
6898-MDLZW,0,0.16490727451804682,Low Risk
0074-HDKDG,0,0.05968824741467706,Low Risk
3982-JGSFD,0,0.03886001755015093,Low Risk
7928-VJYAB,0,0.5240638138860289,Medium Risk
1522-VVDMG,1,0.5686498735105886,Medium Risk
2665-NPTGL,0,0.574913431483539,Medium Risk
8728-SKJLR,0,0.30798600788554104,Medium Risk
7733-UDMTP,0,0.3318158932979196,Medium Risk
0431-APWVY,1,0.15931244194180924,Low Risk
5081-NWSUP,0,0.09303922685363791,Low Risk
2746-DIJLO,0,0.10814409375420062,Low Risk
7277-OZCGZ,0,0.281250652647728,Low Risk
5236-PERKL,1,0.10581471274550118,Low Risk
2788-CJQAQ,0,0.040900104836829314,Low Risk
3096-WPXBT,0,0.10080225694702863,Low Risk
9962-BFPDU,0,0.3701915605685109,Medium Risk
2892-GESUL,0,0.02856320581667931,Low Risk
9741-YLNTD,0,0.6955913982687223,High Risk
1205-WNWPJ,1,0.2552328533752759,Low Risk
3173-NVMPX,0,0.31683452506626963,Medium Risk
9661-MHUMO,1,0.43694858619285987,Medium Risk
6000-APYLU,1,0.6248305167179791,High Risk
0048-PIHNL,0,0.035484787355945166,Low Risk
9420-LOJKX,1,0.5145355457177666,Medium Risk
7061-OVMIM,0,0.03518367952467695,Low Risk
5671-RQRLP,0,0.06483729037291659,Low Risk
5129-JLPIS,0,0.5919427989898356,Medium Risk
5170-PTRKA,0,0.040912711858070556,Low Risk
4819-HJPIW,0,0.19328310391714312,Low Risk
8780-RSYYU,0,0.08180291901272105,Low Risk
2335-GSODA,0,0.03127444086959316,Low Risk
5696-CEIQJ,0,0.0709412243599191,Low Risk
6169-PPETC,0,0.02231016282484975,Low Risk
4237-RLAQD,1,0.6131948463812502,High Risk
7359-WWYJV,0,0.04052208263891095,Low Risk
8620-RJPZN,0,0.34019541004131143,Medium Risk
7426-WEIJX,0,0.24772002592110073,Low Risk
7629-WIXZF,0,0.15691374673976632,Low Risk
2616-FLVQC,0,0.022380440681836634,Low Risk
9163-GHAYE,0,0.2206106171520769,Low Risk
4464-JCOLN,1,0.03874909131529494,Low Risk
2971-SGAFL,0,0.3656137020001651,Medium Risk
4735-ASGMA,1,0.6935232352193333,High Risk
5245-VDBUR,0,0.05239698007525399,Low Risk
1493-AMTIE,1,0.44330046815502566,Medium Risk
1112-CUNAO,1,0.5489698884346564,Medium Risk
7571-YXDAD,1,0.5915683730599519,Medium Risk
8714-EUHJO,1,0.4386854709487422,Medium Risk
9040-KZVWO,0,0.07856519824814694,Low Risk
6713-OKOMC,0,0.1837640727794232,Low Risk
8749-CLJXC,0,0.3689923246481036,Medium Risk
4713-LZDRV,1,0.7400403735299024,High Risk
6598-RFFVI,1,0.06162836009067969,Low Risk
7470-MCQTK,1,0.3602681638891567,Medium Risk
5524-KHNJP,0,0.07931214641720005,Low Risk
1707-HABPF,0,0.10634491418205493,Low Risk
4581-LNWUM,0,0.39084671165117757,Medium Risk
9710-ZUSHQ,1,0.3442866335698463,Medium Risk
1697-LYYYX,0,0.04025980896937865,Low Risk
4013-GUXND,0,0.3194911981488961,Medium Risk
5022-JNQEQ,0,0.5097431131191189,Medium Risk
4983-CCWMC,0,0.5770134018225914,Medium Risk
6345-FZOQH,0,0.022264719243393873,Low Risk
0962-CQPWQ,0,0.02085353954779783,Low Risk
5495-GPSRW,0,0.02940754853207891,Low Risk
2252-JHJGE,0,0.2703716898414002,Low Risk
7356-AYNJP,0,0.06773599142951746,Low Risk
2019-HDCZY,0,0.18522912954990323,Low Risk
8582-KRHPJ,0,0.1251571596591632,Low Risk
2867-UIMSS,1,0.767412496768935,High Risk
3487-EARAT,0,0.0464801480194666,Low Risk
9926-PJHDQ,0,0.06209203207342203,Low Risk
0289-IVARM,0,0.12126008695455862,Low Risk
4672-FOTSD,0,0.18225339528024442,Low Risk
6198-PNNSZ,0,0.14107855040492515,Low Risk
7603-USHJS,1,0.47275934410276027,Medium Risk
6784-XYJAE,0,0.11577480420837913,Low Risk
3858-XHYJO,0,0.20589180159182469,Low Risk
1087-UDSIH,1,0.17432093577870428,Low Risk
7251-LJBQN,0,0.3422194069550228,Medium Risk
3200-MNQTF,0,0.022673253141982465,Low Risk
9359-UGBTK,0,0.05148225898456672,Low Risk
8160-HOWOX,0,0.4306328076760065,Medium Risk
0258-NOKBL,0,0.5939779303235356,Medium Risk
2800-QQUSO,0,0.5683470620400037,Medium Risk
2129-ALKBS,0,0.10069209632775118,Low Risk
9972-VAFJJ,0,0.14082428666211672,Low Risk
4693-VWVBO,0,0.16578571031049708,Low Risk
6969-MVBAI,0,0.7872716426141834,High Risk
4821-WQOYN,0,0.018160086605242497,Low Risk
6769-DYBQN,1,0.26784125754528537,Low Risk
4018-PPNDW,0,0.02049350858892414,Low Risk
6288-CHQJB,0,0.030634837680871566,Low Risk
4905-JEFDW,1,0.270081823059191,Low Risk
0559-CKHUS,0,0.026139827141493967,Low Risk
2659-VXMWZ,1,0.1538178267039941,Low Risk
6559-RAKOZ,0,0.26887997129330554,Low Risk
8809-XKHMD,0,0.03450189020085203,Low Risk
6365-HITVU,0,0.022047395342235942,Low Risk
0134-XWXCE,0,0.10209810408320641,Low Risk
9720-JJJOR,0,0.05975561381088867,Low Risk
2782-LFZVW,0,0.3245281697496353,Medium Risk
6112-KTHFQ,0,0.10283978856846737,Low Risk
9220-ZNKJI,0,0.04575614498727455,Low Risk
9820-RMCQV,1,0.14037691420058165,Low Risk
9013-AQORL,0,0.15631131391674621,Low Risk
2040-OBMLJ,0,0.08062619985516457,Low Risk
5574-NXZIU,0,0.09000407355497972,Low Risk
5446-DKWYW,0,0.15619168058837443,Low Risk
0480-KYJVA,0,0.01868014782906426,Low Risk
1074-AMIOH,0,0.24526803049813595,Low Risk
0015-UOCOJ,0,0.2981254381173951,Low Risk
0256-LTHVJ,1,0.413725709694393,Medium Risk
4547-LYTDD,1,0.46424789624513757,Medium Risk
1077-HUUJM,0,0.6211870781527006,High Risk
2041-JIJCI,0,0.5234609765270525,Medium Risk
1555-HAPSU,0,0.018818791544527414,Low Risk
4323-SADQS,1,0.21974206298903076,Low Risk
3292-PBZEJ,0,0.7042786239783712,High Risk
6203-HBZPA,0,0.02887533792068789,Low Risk
9755-JHNMN,0,0.02518291133333972,Low Risk
7369-TRPFD,0,0.03884078049488061,Low Risk
9878-TNQGW,1,0.7308987272174318,High Risk
2279-AXJJK,0,0.24774290224445,Low Risk
5016-IBERQ,0,0.435048801693966,Medium Risk
1016-DJTSV,0,0.6083830662117305,High Risk
8433-WPJTV,0,0.21140148302364348,Low Risk
8903-XEBGX,0,0.5944957381565215,Medium Risk
2632-TACXW,0,0.02118122137037384,Low Risk
7952-OBOYL,0,0.6506679702558712,High Risk
1470-PSXNM,0,0.18119591289357723,Low Risk
6227-HWPWX,1,0.27736432781224946,Low Risk
5924-SNGKP,0,0.03726233337535639,Low Risk
8818-DOPVL,0,0.5327225074890981,Medium Risk
4521-WFJAI,0,0.023264928725829206,Low Risk
4724-WXVWF,0,0.29018719589314623,Low Risk
3717-OEAUQ,0,0.5424732435061219,Medium Risk
8165-ZJRNM,0,0.01868014782906426,Low Risk
7838-LAZFO,0,0.07003346663470944,Low Risk
0513-RBGPE,0,0.033445458519234715,Low Risk
7251-XFOIL,0,0.20871718429433783,Low Risk
2525-GVKQU,0,0.029831453814907698,Low Risk
7579-OOPEC,1,0.3878839956833447,Medium Risk
3795-GWTRD,0,0.020848582736410114,Low Risk
4750-ZRXIU,1,0.8112242522594113,High Risk
5445-PZWGX,1,0.1052631236271405,Low Risk
0516-UXRMT,0,0.08139738344602751,Low Risk
0727-BNRLG,0,0.059964657296767095,Low Risk
3932-CMDTD,1,0.3582320934700202,Medium Risk
1264-FUHCX,0,0.09771607241519754,Low Risk
6194-HBGQN,0,0.045346904749549714,Low Risk
4524-QCSSM,0,0.1698085302278367,Low Risk
4570-QHXHL,0,0.3686942265248785,Medium Risk
2972-YDYUW,0,0.13279948530368224,Low Risk
2061-VVFST,0,0.07100680792152066,Low Risk
6874-SGLHU,0,0.232242305760505,Low Risk
9844-FELAJ,0,0.17472038701161285,Low Risk
1902-XBTFB,1,0.5107207810077914,Medium Risk
9039-RBEEE,1,0.0945355868402235,Low Risk
9369-XFEHK,1,0.36559763343637824,Medium Risk
3680-CTHUH,0,0.1360999708199804,Low Risk
3679-XASPY,0,0.3490027094659548,Medium Risk
9089-UOWJG,0,0.24581566872271496,Low Risk
1574-DYCWE,0,0.02220778952929505,Low Risk
9779-DPNEJ,0,0.46685794631324096,Medium Risk
2967-MXRAV,0,0.06943676115715343,Low Risk
0327-WFZSY,0,0.29273060170013393,Low Risk
1731-TVIUK,1,0.7075490228317489,High Risk
7666-WKRON,1,0.07744706369302183,Low Risk
3865-ZYKAD,0,0.17423412450847603,Low Risk
1465-LNTLJ,0,0.23144015917505747,Low Risk
2696-RZVZW,0,0.0219145204032894,Low Risk
0685-MLYYM,1,0.6050487221579528,High Risk
2778-OCLGR,1,0.21559361476755964,Low Risk
3982-XWFZQ,1,0.30536761357204906,Medium Risk
4759-PXTAN,0,0.11734072501041544,Low Risk
1448-PWKYE,1,0.7853486484767266,High Risk
8741-LQOBK,0,0.09935641113040206,Low Risk
8650-RHRKE,1,0.5638160519911954,Medium Risk
7266-GSSJX,0,0.1263346797555021,Low Risk
1265-HVPZB,0,0.04525961003805939,Low Risk
9640-ZSLDC,0,0.08832435230223565,Low Risk
0988-JRWWP,0,0.5465292112126032,Medium Risk
1926-QUZNN,0,0.018268741420079365,Low Risk
9025-ZRPVR,1,0.10659869890743409,Low Risk
6527-PZFPV,0,0.03825062463898231,Low Risk
7460-ITWWP,0,0.36690596338468573,Medium Risk
1530-ZTDOZ,0,0.12777175061987775,Low Risk
4785-FCIFB,0,0.02118122137037384,Low Risk
9717-QEBGU,0,0.6625519083188146,High Risk
0876-WDUUZ,1,0.6666104544948387,High Risk
7881-EVUAD,1,0.46417870271152917,Medium Risk
4002-BQWPQ,0,0.10259704622918589,Low Risk
6377-WHAOX,0,0.4602678509252809,Medium Risk
5027-YOCXN,0,0.14410108476472877,Low Risk
8450-JOVAH,1,0.26937374319758645,Low Risk
6646-QVXLR,1,0.3464024516945736,Medium Risk
0254-KCJGT,0,0.05884574749447507,Low Risk
3442-ZHHCC,0,0.06979628207429629,Low Risk
9167-APMXZ,0,0.43323714062493424,Medium Risk
0616-ATFGB,1,0.7342637515490689,High Risk
7273-TEFQD,1,0.6769345016074118,High Risk
8245-UMPYT,1,0.7312992941421831,High Risk
6022-UGGSO,1,0.42004818973551317,Medium Risk
6292-TOSSS,0,0.023695765752598498,Low Risk
5207-PLSTK,0,0.44237578211514067,Medium Risk
3908-BLSYF,1,0.614340853300826,High Risk
4317-VTEOA,1,0.6459183394069925,High Risk
0625-AFOHS,0,0.023391942501168023,Low Risk
4667-OHGKG,1,0.3622079959059517,Medium Risk
2386-OWURY,0,0.2845890099086044,Low Risk
3780-DDGSE,0,0.19024613161001308,Low Risk
1047-RNXZV,0,0.02354923300816556,Low Risk
3926-YZVVX,0,0.05572479043433042,Low Risk
4742-TXUEX,0,0.022000308546889554,Low Risk
8709-KRDVL,0,0.5554300258042036,Medium Risk
0397-ZXWQF,0,0.022462718061757075,Low Risk
3910-MRQOY,0,0.01910949055189451,Low Risk
2511-MORQY,0,0.07804943009866473,Low Risk
4039-PIMHX,0,0.06362399923440087,Low Risk
8083-YTZES,1,0.7421472073551056,High Risk
1346-PJWTK,0,0.16849038669411176,Low Risk
3750-YHRYO,0,0.044144166154709126,Low Risk
1236-WFCDV,1,0.4516823727256505,Medium Risk
5949-HGVJL,0,0.18763532821697243,Low Risk
9112-WSNPU,0,0.359990875945397,Medium Risk
1360-JYXKQ,0,0.2202447618576042,Low Risk
3585-ISXZP,1,0.6956147113150113,High Risk
8380-PEFPE,1,0.8073698963246463,High Risk
9402-ROUMJ,0,0.11263873172596466,Low Risk
4335-UPJSI,0,0.023675049473527842,Low Risk
6096-EGVTU,0,0.0314083204817885,Low Risk
8988-ECPJR,1,0.3834442042481569,Medium Risk
7677-SJJJK,0,0.042990006850328735,Low Risk
5850-BDWCY,0,0.09884633195709905,Low Risk
2025-JKFWI,1,0.6664922727456866,High Risk
8028-PNXHQ,0,0.020800810261250798,Low Risk
8397-MVTAZ,1,0.6305815276182751,High Risk
4445-ZJNMU,0,0.773292219488018,High Risk
3125-RAHBV,0,0.03926783034786433,Low Risk
6682-QJDGB,1,0.12123780316536606,Low Risk
8840-DQLGN,1,0.26967649929351695,Low Risk
6258-NGCNG,0,0.10442112034563925,Low Risk
5917-RYRMG,0,0.04702340366410589,Low Risk
7157-SMCFK,0,0.028650730421500535,Low Risk
0816-TSPHQ,0,0.11497934719663809,Low Risk
6766-HFKLA,0,0.09453418980686941,Low Risk
7067-KSAZT,1,0.29489404037802713,Low Risk
5155-AZQPB,0,0.14181954562813526,Low Risk
6890-PFRQX,0,0.155135768599362,Low Risk
3508-VLHCZ,0,0.021440248239673252,Low Risk
3649-JPUGY,0,0.04048471889509138,Low Risk
9248-OJYKK,1,0.8797659528562942,High Risk
7239-HZZCX,1,0.30869092345872823,Medium Risk
9860-LISIZ,0,0.0704643379431329,Low Risk
6979-ZNSFF,1,0.77845235899232,High Risk
8938-UMKPI,1,0.5138953882095486,Medium Risk
1820-DJFPH,0,0.01803974909065835,Low Risk
0732-OCQOC,0,0.02286605483209368,Low Risk
6776-TLWOI,1,0.1373052366288369,Low Risk
4940-KHCWD,0,0.023866775113958977,Low Risk
9057-SIHCH,1,0.8554091949981449,High Risk
9866-QEVEE,1,0.4715879124618714,Medium Risk
5542-TBBWB,0,0.8157307058365806,High Risk
4587-VVTOX,1,0.8216855395304207,High Risk
6322-HRPFA,0,0.07166582187823721,Low Risk
6284-AHOOQ,1,0.36934615235839574,Medium Risk
4530-NDRKU,0,0.04266913400040853,Low Risk
1751-NCDLI,0,0.6151132971634629,High Risk
3893-JRNFS,0,0.1907026632595902,Low Risk
5857-XRECV,0,0.04058495435963128,Low Risk
3115-CZMZD,0,0.04776647045400405,Low Risk
4489-SNOJF,1,0.13072919751905424,Low Risk
1051-GEJLJ,0,0.1719071491557101,Low Risk
3563-SVYLG,0,0.021680167136940424,Low Risk
4301-VVZKA,0,0.5910636750453573,Medium Risk
9351-HXDMR,0,0.06294200099298322,Low Risk
5161-XEUVX,0,0.07449715047191031,Low Risk
3088-FVYWK,0,0.022784235386312482,Low Risk
9812-GHVRI,0,0.29492305687775977,Low Risk
1370-GGAWX,0,0.2506173889581331,Low Risk
6023-YEBUP,1,0.8657891528036854,High Risk
9940-RHLFB,1,0.73437615968174,High Risk
4541-RMRLG,1,0.11471278900969525,Low Risk
2606-RMDHZ,1,0.4004310051591389,Medium Risk
5575-TPIZQ,0,0.2285717556662186,Low Risk
9378-FXTIZ,1,0.1293960999236403,Low Risk
4631-OACRM,1,0.5463563997506637,Medium Risk
8593-WHYHV,1,0.8057953587757828,High Risk
1403-GYAFU,0,0.02170399319312846,Low Risk
7641-TQFHN,0,0.10290427157978758,Low Risk
4237-CLSMM,0,0.11871609080823622,Low Risk
4360-PNRQB,0,0.38248497467924675,Medium Risk
5334-AFQJB,0,0.02247413254641481,Low Risk
9308-ANMVE,0,0.1560196926110735,Low Risk
3530-VWVGU,0,0.07865989788931504,Low Risk
4674-HGNUA,0,0.021085152175547125,Low Risk
3030-YDNRM,0,0.7106658691574473,High Risk
3642-BYHDO,0,0.0192181813287624,Low Risk
0440-UEDAI,0,0.11263776292870059,Low Risk
9819-FBNSV,0,0.2981238673293948,Low Risk
9289-LBQVU,0,0.07876654217475512,Low Risk
4468-YDOVK,0,0.27148218723816514,Low Risk
2001-EWBQU,0,0.13459276397703593,Low Risk
9992-UJOEL,0,0.5040940070481601,Medium Risk
8409-WQJUX,0,0.12533228286321346,Low Risk
3077-RSNTJ,0,0.09879867257594453,Low Risk
6993-YCOBK,0,0.13428355417917037,Low Risk
4817-VYYWS,1,0.5948246263277692,Medium Risk
4702-HDRKD,0,0.0504525081153791,Low Risk
3251-YMVWZ,0,0.03528096941521527,Low Risk
4190-MFLUW,1,0.16641874251080369,Low Risk
4678-DVQEO,1,0.4726140862599416,Medium Risk
4701-AHWMW,1,0.14522778712569737,Low Risk
2987-BJXIK,0,0.038368574834222444,Low Risk
1730-VFMWO,0,0.10718205500602469,Low Risk
1936-UAFEH,0,0.06630181491185046,Low Risk
5140-FOMCQ,0,0.15229599136730618,Low Risk
8778-LMWTJ,0,0.4794923441393962,Medium Risk
9840-DVNDC,1,0.667295838807908,High Risk
8033-VCZGH,0,0.37278499322253833,Medium Risk
8580-QVLOC,1,0.02641282168725867,Low Risk
6128-AQBMT,0,0.371923101115081,Medium Risk
6257-RJOHI,0,0.2820604647849999,Low Risk
1929-ZCBHE,0,0.05420636093041098,Low Risk
6242-SGYTS,0,0.07404942994516588,Low Risk
7010-ZMVBF,0,0.0853022170877001,Low Risk
3519-ZKXGG,1,0.7483402103838372,High Risk
5666-MBJPT,0,0.022662259106103876,Low Risk
3313-QKNKB,1,0.16194878526110346,Low Risk
7581-EBBOU,0,0.051468222208451105,Low Risk
1784-BXEFA,0,0.10909914931708395,Low Risk
7492-TAFJD,0,0.048925994039998394,Low Risk
5213-TWWJU,0,0.2929488704663167,Low Risk
3312-ZWLGF,0,0.438881812787478,Medium Risk
2923-ARZLG,0,0.1054702910849567,Low Risk
7032-LMBHI,0,0.06160175731173377,Low Risk
8292-ITGYJ,0,0.023620797985138386,Low Risk
9107-UKCKY,0,0.1742698067998524,Low Risk
6848-HJTXY,0,0.022260085436943543,Low Risk
4184-VODJZ,0,0.15091173537211827,Low Risk
4846-WHAFZ,1,0.5028436769456468,Medium Risk
8735-SDUFN,0,0.02384238234429641,Low Risk
0839-JTCUD,0,0.02422776683902443,Low Risk
6857-VWJDT,1,0.8384491202769281,High Risk
7363-QTBIW,0,0.6249249050280378,High Risk
6158-HDPXZ,0,0.5399926388341576,Medium Risk
5419-CONWX,1,0.7728072233564515,High Risk
9286-DOJGF,1,0.3423611463551398,Medium Risk
2408-PSJVE,0,0.10997033861001801,Low Risk
2087-QAREY,0,0.20227145011125758,Low Risk
6777-TGHTM,1,0.22040410839568622,Low Risk
6507-ZJSUR,0,0.5164654385514701,Medium Risk
5025-GOOKI,0,0.09240510812569924,Low Risk
6080-LNESI,0,0.023695765752598498,Low Risk
2236-HILPA,0,0.020993103366228828,Low Risk
1386-ZIKUV,0,0.11239717119172193,Low Risk
3365-SAIGS,0,0.5276307026526839,Medium Risk
6061-GWWAV,0,0.05085488171115747,Low Risk
9979-RGMZT,0,0.355900161652912,Medium Risk
8445-DNBAE,0,0.6798839181109254,High Risk
6872-HXFNF,0,0.05185368914981766,Low Risk
1320-HTRDR,1,0.7500304082905767,High Risk
3923-CSIHK,1,0.34200436646173843,Medium Risk
2446-ZKVAF,0,0.1813129451465893,Low Risk
4640-UHDOS,1,0.24920604616416364,Low Risk
5457-COLHT,0,0.025425461680499133,Low Risk
2254-DLXRI,0,0.8364946974420137,High Risk
5339-PXDVH,0,0.5717142696362887,Medium Risk
2386-LAHRK,1,0.6406511946001981,High Risk
5062-CJJKH,0,0.07300219427185022,Low Risk
8930-XOTDP,0,0.17745551802581724,Low Risk
4779-ZGICK,0,0.023225871328141048,Low Risk
9534-NSXEM,0,0.03810262441341807,Low Risk
3716-BDVDB,1,0.8145115250759052,High Risk
9842-EFSYY,0,0.28440941522794055,Low Risk
9122-UMROB,0,0.27274519291475197,Low Risk
1867-BDVFH,1,0.6292144817303366,High Risk
5949-EBSQK,1,0.2366189409257825,Low Risk
4160-AMJTL,1,0.150951612209302,Low Risk
8622-ZLFKO,0,0.7939486401744332,High Risk
2990-IAJSV,0,0.02173484715785479,Low Risk
6064-ZATLR,0,0.03302909415440437,Low Risk
7409-KIUTL,1,0.8067334723070413,High Risk
5505-OVWQW,0,0.043172970346994834,Low Risk
3948-KXDUF,0,0.02287480002975022,Low Risk
9814-AOUDH,0,0.02354409110446471,Low Risk
7398-LXGYX,0,0.22669354807814673,Low Risk
5266-PFRQK,0,0.03477549938886576,Low Risk
1568-BEKZM,0,0.031949535448429156,Low Risk
2692-PFYTJ,0,0.29290031634343355,Low Risk
2533-QVMSK,1,0.09335048084515969,Low Risk
5828-AVIPD,1,0.38314188729430043,Medium Risk
2907-ILJBN,0,0.04380600698875086,Low Risk
5226-NOZFC,0,0.4742925295156502,Medium Risk
7114-AEOZE,0,0.029831453814907698,Low Risk
2202-CUYXZ,1,0.8443017278038287,High Risk
3466-RITXD,0,0.3353083719639419,Medium Risk
7278-CKDNC,0,0.5445057758080523,Medium Risk
1956-YIFGE,0,0.27635673261650695,Low Risk
0422-UXFAP,0,0.33635398839612873,Medium Risk
3733-UOCWF,0,0.0697101224138902,Low Risk
7191-ADRGF,0,0.06732791271421096,Low Risk
5709-LVOEQ,0,0.09947476687925688,Low Risk
6034-YMTOB,0,0.5434246183066723,Medium Risk
6372-RFVNS,1,0.7985389439331992,High Risk
9052-DHNKM,0,0.07394408538345698,Low Risk
5609-IMCGG,0,0.3436756567782584,Medium Risk
2959-MJHIC,1,0.7230376917924224,High Risk
1319-YLZJG,0,0.4545014476976048,Medium Risk
7623-TRNQN,1,0.34570708168835945,Medium Risk
0377-JBKKT,0,0.09815502989602043,Low Risk
1936-CZAKF,0,0.06818336292533109,Low Risk
5063-IUOKK,0,0.027580578564017123,Low Risk
8646-JCOMS,0,0.062061421818783734,Low Risk
0979-MOZQI,0,0.04606749164217805,Low Risk
1525-LNLOJ,0,0.06092372402695337,Low Risk
5759-RCVCB,1,0.4860166815378851,Medium Risk
9968-FFVVH,0,0.034362842312991686,Low Risk
2266-FUBDZ,0,0.026859691065224817,Low Risk
4760-THGOT,0,0.3637530579342049,Medium Risk
2307-FYNNL,0,0.1623453886403385,Low Risk
1143-NMNQJ,1,0.8210769056793729,High Risk
1629-DQQVB,0,0.13230138822114068,Low Risk
3766-EJLFL,0,0.09699555675422819,Low Risk
8457-XIGKN,0,0.09205694390151031,Low Risk
4981-FLTMF,0,0.06324250739185668,Low Risk
7606-BPHHN,0,0.018890136323110724,Low Risk
7005-CCBKV,1,0.6938232236392201,High Risk
4648-YPBTM,0,0.058604371698061215,Low Risk
2325-ZUSFD,1,0.07116538833465921,Low Risk
1240-KNSEZ,1,0.5154158427951432,Medium Risk
0430-IHCDJ,0,0.44464181570589995,Medium Risk
7957-RYHQD,1,0.22763644071726927,Low Risk
6164-HAQTX,0,0.02088598676621579,Low Risk
0749-IRGQE,0,0.4522696356879046,Medium Risk
1227-UDMZR,0,0.02081035425948274,Low Risk
5473-KHBPS,0,0.13723987200266413,Low Risk
5297-MDOIR,0,0.05395469190240304,Low Risk
8873-TMKGR,0,0.03331608584983525,Low Risk
6481-ESCNL,0,0.40789047865468075,Medium Risk
0463-WZZKO,0,0.16452282142301922,Low Risk
1038-RQOST,0,0.08099918901905158,Low Risk
4937-QPZPO,0,0.29919845695421715,Low Risk
3604-WLABM,0,0.2181192120630839,Low Risk
1360-XFJMR,0,0.17714554042203703,Low Risk
8717-VCTXJ,0,0.039008130943356686,Low Risk
5196-SGOAK,1,0.8189331910909251,High Risk
8739-XNIKG,0,0.8106272833670699,High Risk
2320-TZRRH,0,0.0401488309719177,Low Risk
5186-SAMNZ,1,0.8034795670007949,High Risk
5760-FXFVO,0,0.5018865244456441,Medium Risk
5380-WJKOV,1,0.5644742205608679,Medium Risk
4703-MQYKT,0,0.026144389979527602,Low Risk
2001-MCUUW,0,0.18736182241787425,Low Risk
4947-DSMXK,0,0.4241727341469438,Medium Risk
0076-LVEPS,0,0.08535267780543498,Low Risk
5566-SOEZD,0,0.06590402840605733,Low Risk
7408-OFWXJ,0,0.020896277026452734,Low Risk
1097-FSPVW,0,0.11382133314235421,Low Risk
4412-YLTKF,1,0.5109148730741153,Medium Risk
0420-TXVSG,0,0.034964134912980754,Low Risk
7817-BOQPW,1,0.7709767790652581,High Risk
0963-ZBDRN,1,0.4783720529311441,Medium Risk
9685-WKZGT,1,0.6476612271294522,High Risk
2139-FQHLM,0,0.29542592886116387,Low Risk
5825-XJOCM,0,0.05778338433056255,Low Risk
0004-TLHLJ,1,0.6810542730288167,High Risk
7529-ZDFXI,0,0.3922816982364383,Medium Risk
6848-YLDFR,0,0.07161090732604829,Low Risk
5820-PTRYM,0,0.04620629420650403,Low Risk
2984-RGEYA,0,0.02177930320351055,Low Risk
6434-TTGJP,0,0.03545978986658743,Low Risk
9643-AVVWI,0,0.5670436259785302,Medium Risk
3506-OVLKD,0,0.037025615148722914,Low Risk
4946-EDSEW,1,0.10147622650341824,Low Risk
2924-KHUVI,0,0.2659939296937317,Low Risk
2263-SFSQZ,0,0.02344396461290765,Low Risk
5281-BUZGT,1,0.4091044100071573,Medium Risk
3717-FDJFU,0,0.03310565482701573,Low Risk
2239-CFOUJ,0,0.08947563236517506,Low Risk
8699-ASUFO,1,0.6621163096257333,High Risk
1122-YJBCS,0,0.04780294547448079,Low Risk
0628-CNQRM,1,0.05478617564491657,Low Risk
1705-GUHPV,0,0.0211357103558237,Low Risk
4877-TSOFF,0,0.0488021300228766,Low Risk
7404-JLKQG,0,0.44845328945364127,Medium Risk
0379-DJQHR,0,0.03343242893336307,Low Risk
8993-PHFWD,1,0.5599041212742467,Medium Risk
3930-ZGWVE,0,0.30869092345872823,Medium Risk
1965-DDBWU,1,0.4168580978909433,Medium Risk
7572-KPVKK,0,0.18508274904435326,Low Risk
6854-EXGSF,0,0.21166799986939563,Low Risk
9483-GCPWE,0,0.04283823186748566,Low Risk
8053-WWDRO,1,0.10291528901269101,Low Risk
9473-CBZOP,0,0.05139437444108657,Low Risk
3985-HOYPM,0,0.03459222981892931,Low Risk
8378-LKJAF,0,0.47680749729378735,Medium Risk
1310-QRITU,0,0.41918563706465456,Medium Risk
3237-AJGEH,1,0.3836784432555132,Medium Risk
6542-LWGXJ,0,0.5110583394597936,Medium Risk
6953-PBDIN,0,0.033368289036038376,Low Risk
6332-FBZRI,0,0.035622548296787036,Low Risk
9365-CSLBQ,0,0.019017594836614204,Low Risk
3466-WAESX,0,0.25912457099627967,Low Risk
9700-ISPUP,0,0.2250238706484089,Low Risk
5167-ZFFMM,1,0.8637414968263141,High Risk
7669-LCRSD,0,0.24864158919499635,Low Risk
0870-VEMYL,1,0.15327661943243384,Low Risk
2995-UPRYS,1,0.1881344729849828,Low Risk
3179-GBRWV,0,0.19196373740497238,Low Risk
0701-TJSEF,0,0.1442604317480108,Low Risk
1848-LBZHY,0,0.21650667528652756,Low Risk
5380-XPJNZ,0,0.03607734639959807,Low Risk
6608-QQLVK,1,0.6866421828018928,High Risk
1475-VWVDO,0,0.6320803131981858,High Risk
3721-CNEYS,1,0.6672414307420574,High Risk
4299-OPXEJ,0,0.02305393847165193,Low Risk
0096-BXERS,0,0.3936290072850426,Medium Risk
3055-VTCGS,0,0.07789199663779711,Low Risk
9405-GPBBG,0,0.09900040059174522,Low Risk
6704-UTUKK,0,0.36586906216925846,Medium Risk
9944-AEXBM,0,0.3876360345414729,Medium Risk
2545-EBUPK,0,0.8226350705962521,High Risk
6270-OMFIW,1,0.19271988991325228,Low Risk
1852-XEMDW,0,0.12529584632524116,Low Risk
8158-WPEZG,0,0.30032273677495186,Medium Risk
5198-EFNBM,0,0.15075714820907066,Low Risk
7663-RGWBC,1,0.5759486965052664,Medium Risk
3970-XGJDU,0,0.028867353072513136,Low Risk
6845-RGTYS,1,0.3872896150552318,Medium Risk
0123-CRBRT,0,0.025350928197914072,Low Risk
6077-BDPXA,0,0.6558841290703681,High Risk
2250-IVBWA,0,0.17242569143782385,Low Risk
6137-NICCO,0,0.7482176490139295,High Risk
8129-GMVGI,0,0.022173486464934982,Low Risk
4353-HYOJD,0,0.12473580515000243,Low Risk
8671-KKKOS,0,0.1584138281890441,Low Risk
8080-DDEMJ,1,0.6155925064412214,High Risk
6698-OXETB,0,0.0287420470399265,Low Risk
3312-UUMZW,0,0.46238943159458123,Medium Risk
6376-GAHQE,1,0.6097697601833744,High Risk
0733-VUNUW,1,0.15138127535918824,Low Risk
6733-LRIZX,0,0.2307505743558949,Low Risk
2165-VOEGB,1,0.13751629201003973,Low Risk
1853-UDXBW,1,0.8027483876903583,High Risk
9070-BCKQP,0,0.05456626543146016,Low Risk
1035-IPQPU,0,0.4377668968797957,Medium Risk
2057-ZBLPD,1,0.5955885420606825,Medium Risk
6967-PEJLL,0,0.06257174566831193,Low Risk
7879-CGSFV,0,0.1452377737528927,Low Risk
2257-BOVXD,0,0.2292552924882894,Low Risk
9822-BIIGN,0,0.11385252567015827,Low Risk
1136-XGEQU,0,0.09267117279686515,Low Risk
2439-LYPMQ,0,0.5820197807015292,Medium Risk
6543-XRMYR,1,0.5906379907756981,Medium Risk
5753-QQWPW,0,0.050744199693361865,Low Risk
4785-QRJHC,1,0.12494547190511739,Low Risk
0052-YNYOT,0,0.04030564295479639,Low Risk
7054-LGEQW,1,0.5275825084521393,Medium Risk
0608-JDVEC,0,0.0276019026506235,Low Risk
6284-KMNUF,0,0.2296810333570319,Low Risk
6286-SUUWT,0,0.3689923246481036,Medium Risk
3594-KADLU,0,0.2038348636972015,Low Risk
0536-ACXIP,0,0.07813871462644718,Low Risk
8869-TORSS,1,0.04346011567220837,Low Risk
0373-AIVNJ,0,0.07432127380379158,Low Risk
6429-SHBCB,0,0.21596002299437375,Low Risk
5751-USDBL,0,0.03293388232773103,Low Risk
6815-ABQFQ,0,0.30451866483666457,Medium Risk
9450-TRJUU,0,0.4372253705123709,Medium Risk
2805-AUFQN,0,0.02434731935387478,Low Risk
7855-DIWPO,0,0.44951098725102084,Medium Risk
0174-QRVVY,0,0.01884937768302163,Low Risk
9507-EXLTT,1,0.8413136932316417,High Risk
8390-FESFV,0,0.037486910453558585,Low Risk
0661-KBKPA,0,0.09761807046658194,Low Risk
6856-RAURS,0,0.6843553889190707,High Risk
7322-OCWHC,0,0.018975521470552134,Low Risk
2203-GHNWN,0,0.36050195846628597,Medium Risk
3413-CSSTH,0,0.1922096299917681,Low Risk
3006-XIMLN,1,0.8140666366431036,High Risk
3750-CKVKH,1,0.6726545301733252,High Risk
0576-WNXXC,1,0.5497248091964043,Medium Risk
7056-IMHCC,1,0.5563544140282234,Medium Risk
0866-QLSIR,1,0.04181726207190295,Low Risk
1628-BIZYP,0,0.8233170285719864,High Risk
2230-XTUWL,0,0.022000308546889554,Low Risk
1980-KXVPM,1,0.6910075138686084,High Risk
8619-IJNDK,0,0.019301081110832348,Low Risk
2960-NKRSO,0,0.3472267655559259,Medium Risk
6705-LXORM,0,0.5659174164983258,Medium Risk
7130-VTEWQ,1,0.7250501723594324,High Risk
9364-YKUVW,0,0.09774662462522576,Low Risk
2761-OCIAX,1,0.6804334005696846,High Risk
7996-BPXHY,0,0.033391645058301445,Low Risk
4248-QPAVC,1,0.3659485325945098,Medium Risk
9357-UJRUN,0,0.0753178155659433,Low Risk
6340-DACFT,0,0.022947734602928597,Low Risk
1023-BQXZE,0,0.045243874185140844,Low Risk
5480-HPRRX,1,0.6636539522171575,High Risk
9576-SYUHJ,0,0.36028928177669817,Medium Risk
2169-RRLFW,0,0.01885119435394559,Low Risk
8338-QIUNR,0,0.023314529637749364,Low Risk
0463-TXOAK,0,0.022601208066971776,Low Risk
4396-KLSEH,0,0.16834869989946352,Low Risk
5186-EJEGL,0,0.14647062721362028,Low Risk
9334-GWGOW,0,0.7440166527085693,High Risk
5696-JVVQY,0,0.041145801886223514,Low Risk
9633-DENPU,0,0.17516295908442747,Low Risk
0581-BXBUB,0,0.5307501224280476,Medium Risk
2750-BJLSB,0,0.25127743611963754,Low Risk
2770-NSVDG,0,0.30385646435561176,Medium Risk
8280-MQRQN,1,0.6397294292396266,High Risk
7851-FLGGQ,1,0.4054386845320504,Medium Risk
9374-YOLBJ,0,0.3142181100465583,Medium Risk
6583-SZVGP,0,0.20192083905448763,Low Risk
2150-OEGBV,0,0.03459222981892931,Low Risk
9372-TXXPS,0,0.022474330413615694,Low Risk
6933-FHBZC,0,0.08956940443516971,Low Risk
4698-KVLLG,0,0.03099081621917883,Low Risk
8752-STIVR,1,0.7202958750031239,High Risk
8623-ULFNQ,0,0.2729749946424883,Low Risk
9822-WMWVG,0,0.3488948767993904,Medium Risk
4304-TSPVK,0,0.05475971276287225,Low Risk
1716-LSAMB,0,0.02993893301454458,Low Risk
3523-QRQLL,1,0.1375373058469064,Low Risk
2187-PKZAY,0,0.5184507227678318,Medium Risk
1895-QTKDO,0,0.476504262620663,Medium Risk
8161-QYMTT,0,0.835065982920138,High Risk
2955-PSXOE,1,0.4473928992006047,Medium Risk
6834-NXDCA,1,0.5057588827652877,Medium Risk
8701-DGLVH,0,0.02354409110446471,Low Risk
2480-SQIOB,0,0.3464576694037824,Medium Risk
4993-JCRGJ,0,0.3166600422338986,Medium Risk
0581-MDMPW,0,0.3906706129564111,Medium Risk
7789-CRUVC,0,0.1338988731866052,Low Risk
0164-APGRB,0,0.04868571305640538,Low Risk
8034-RYTVV,0,0.06393259928846598,Low Risk
3018-TFTSU,1,0.325280376876213,Medium Risk
9777-IQHWP,0,0.04381470026300476,Low Risk
6899-PPEEA,1,0.6023105771003391,High Risk
6701-YVNQG,0,0.02293266138452942,Low Risk
7649-PHJVR,0,0.04894013485283534,Low Risk
9278-VZKCD,0,0.3685516254249732,Medium Risk
7636-PEPNS,0,0.07746640766816919,Low Risk
1575-KRZZE,0,0.19525254485223378,Low Risk
8590-OHDIW,0,0.035373365716271137,Low Risk
7764-BDPEE,0,0.13163578666945444,Low Risk
9480-BQJEI,0,0.07038969698547295,Low Risk
3354-OADJP,0,0.06254890576147427,Low Risk
3181-MIZBN,0,0.10276423920065873,Low Risk
9327-QSDED,0,0.22301076667506947,Low Risk
4892-VLANZ,1,0.30869092345872823,Medium Risk
0298-XACET,0,0.035947722006348465,Low Risk
6917-FIJHC,0,0.018268741420079365,Low Risk
6557-BZXLQ,0,0.4244632528434493,Medium Risk
2432-TFSMK,0,0.1810020640912881,Low Risk
4211-MMAZN,1,0.27274519291475197,Low Risk
4751-ERMAN,0,0.052510588173321736,Low Risk
8430-TWCBX,0,0.03581478103966144,Low Risk
1942-OQFRW,0,0.5257200598668921,Medium Risk
4075-JFPGR,0,0.09485121158837938,Low Risk
3339-EAQNV,0,0.14837198087490228,Low Risk
5329-KRDTM,0,0.03629144812841095,Low Risk
0307-BCOPK,0,0.04100409957596324,Low Risk
6473-ULUHT,0,0.15205179030146995,Low Risk
1194-SPVSP,0,0.2998474925989681,Low Risk
7249-WBIYX,1,0.7621252283192224,High Risk
2293-IJWPS,0,0.23699065925577417,Low Risk
4377-VDHYI,0,0.11557513004048016,Low Risk
0019-EFAEP,0,0.04309213699605467,Low Risk
2480-EJWYP,0,0.20680178583425837,Low Risk
8970-ANWXO,0,0.10426335251116707,Low Risk
8739-WWKDU,1,0.587208222335696,Medium Risk
2171-UDMFD,0,0.07559626685871512,Low Risk
7036-TYDEC,0,0.15079957605183117,Low Risk
3831-YCPUO,0,0.040066614688931156,Low Risk
0121-SNYRK,0,0.042709804694645505,Low Risk
3325-FUYCG,1,0.20591159343934848,Low Risk
1952-DVVSW,0,0.04580615636349101,Low Risk
3571-DPYUH,0,0.09739635165190164,Low Risk
2077-MPJQO,0,0.7479593356063928,High Risk
2391-SOORI,1,0.23531423078205851,Low Risk
4086-ATNFV,0,0.05576807987792818,Low Risk
3396-DKDEL,0,0.05077685244533018,Low Risk
7471-MQPOS,0,0.08218284194510644,Low Risk
7181-OQCUT,0,0.4727958549708578,Medium Risk
3489-VSFRD,0,0.040043067639283766,Low Risk
6283-GITPX,0,0.019651062267828697,Low Risk
2845-HSJCY,1,0.6172878521715277,High Risk
7216-KAOID,0,0.03357532904207987,Low Risk
6680-WKXRZ,1,0.5889096550556862,Medium Risk
2346-LOCWC,0,0.022173486464934982,Low Risk
0769-MURVM,0,0.021519779580382863,Low Risk
3374-LXDEV,1,0.5412042022157001,Medium Risk
5318-YKDPV,0,0.036631922233991684,Low Risk
8190-ZTQFB,0,0.20997879482101034,Low Risk
4512-ZUIYL,1,0.534862354573698,Medium Risk
3090-QFUVD,0,0.25584587084205906,Low Risk
4806-KEXQR,1,0.7031459643633913,High Risk
2369-FEVNO,0,0.49152552893998197,Medium Risk
9637-CDTKZ,0,0.0431405765786349,Low Risk
2954-PIBKO,0,0.026788316868751813,Low Risk
2212-LYASK,0,0.13005984990317462,Low Risk
9481-SFCQY,0,0.23088948670715778,Low Risk
2828-SLQPF,0,0.21064166809288537,Low Risk
4647-MUZON,0,0.49488535620982915,Medium Risk
8212-DJRCH,0,0.5548325601183561,Medium Risk
0516-OOHAR,0,0.202921976295061,Low Risk
4973-RLZVI,0,0.046637673400267844,Low Risk
8089-UZWLX,0,0.10720084633344915,Low Risk
9732-KPKBW,1,0.3094296715713453,Medium Risk
9715-WZCLW,0,0.09870520651218864,Low Risk
0257-KXZGU,0,0.13680005154432662,Low Risk
0707-HOVVN,0,0.04381885010959866,Low Risk
5501-TVMGM,0,0.6887113911500394,High Risk
3422-LYEPQ,1,0.8020826040169402,High Risk
2277-VWCNI,0,0.4231178543520365,Medium Risk
5461-QKNTN,0,0.39221519365464663,Medium Risk
3967-KXAPS,0,0.021543122802460696,Low Risk
6919-ELBGL,0,0.03951910669872876,Low Risk
8361-LTMKD,1,0.6936917159313837,High Risk
1131-ALZWV,0,0.03820963906780986,Low Risk
5178-LMXOP,1,0.9005440166897632,High Risk
8992-CEUEN,0,0.2657359854125947,Low Risk
3320-VEOYC,0,0.7397596429621154,High Risk
3672-YITQD,1,0.5490630836425527,Medium Risk
6080-TCMYC,0,0.45752246542560415,Medium Risk
6734-FQAJX,0,0.08211107062481537,Low Risk
1063-DHQJF,0,0.03778369728100535,Low Risk
3976-NLDEZ,0,0.3312431579238233,Medium Risk
1729-VLAZJ,0,0.04816451762062489,Low Risk
3400-ESFUW,1,0.02366572757904561,Low Risk
5271-YNWVR,1,0.07081550139872002,Low Risk
1587-FKLZB,1,0.3878410551550217,Medium Risk
0958-YHXGP,0,0.5441752284864865,Medium Risk
1494-EJZDW,0,0.02973783964627914,Low Risk
1816-FLZDK,0,0.3608597457559307,Medium Risk
2075-PUEPR,0,0.022096844209210938,Low Risk
1833-TCXKK,0,0.39645628023762,Medium Risk
1436-ZMJAN,0,0.3105587604774356,Medium Risk
0106-UGRDO,0,0.07720974332222402,Low Risk
1069-XAIEM,1,0.8876144236567702,High Risk
4213-HKBJO,0,0.02456765635809231,Low Risk
8345-MVDYC,0,0.034226625273742387,Low Risk
2672-OJQZP,0,0.4889629538788892,Medium Risk
5136-RGMZO,0,0.2098368697736619,Low Risk
5774-QPLTF,0,0.03335642051642889,Low Risk
5240-CAOYT,0,0.11950514566141268,Low Risk
3707-GNWHM,1,0.8152523904568287,High Risk
5159-YFPKQ,1,0.7022521039767845,High Risk
5052-PNLOS,1,0.8090284787357411,High Risk
6173-GOLSU,0,0.34011223684328395,Medium Risk
6661-HBGWL,1,0.4690441856978828,Medium Risk
8207-VVMYB,0,0.02195334571197111,Low Risk
5324-KTGCG,0,0.03486109491867454,Low Risk
7354-OIJLX,0,0.6988823164720217,High Risk
9286-BHDQG,0,0.023023627688186183,Low Risk
3567-PQTSO,0,0.3257142202362656,Medium Risk
3197-ARFOY,0,0.5024340559082815,Medium Risk
5698-BQJOH,1,0.7240929959916417,High Risk
1090-ESELR,0,0.045174287763969104,Low Risk
0056-EPFBG,0,0.04043043878736039,Low Risk
4955-VCWBI,0,0.034464656815767734,Low Risk
4717-GHADL,0,0.04814192328278005,Low Risk
0058-EVZWM,0,0.1963148603026209,Low Risk
7218-HKQFK,1,0.7246332057796079,High Risk
5057-RKGLH,0,0.03077939355448891,Low Risk
2309-OSFEU,1,0.3981715340814859,Medium Risk
3429-IFLEM,0,0.019731670264557355,Low Risk
1550-LOAHA,1,0.2831833365326233,Low Risk
1400-MMYXY,1,0.8256589612494751,High Risk
7503-QQRVF,1,0.3853968916468076,Medium Risk
7504-UWHNB,0,0.33470511325841246,Medium Risk
9565-JSNFM,1,0.10597692721148996,Low Risk
4735-BJKOU,0,0.0239935471645622,Low Risk
3580-GICBM,0,0.02049350858892414,Low Risk
7632-YUTXB,0,0.03588875753506622,Low Risk
9412-ARGBX,1,0.05250907745666371,Low Risk
9576-ANLXO,1,0.5731733893226605,Medium Risk
1110-KYLGQ,0,0.1873493078025205,Low Risk
8696-JKZNU,1,0.49678778072168955,Medium Risk
8757-TFHHJ,0,0.3909069512926211,Medium Risk
2955-BJZHG,1,0.4064634494651046,Medium Risk
9048-JVYVF,1,0.41284157410741235,Medium Risk
0682-USIXD,0,0.4136386731331057,Medium Risk
3884-UEBXB,0,0.03170719756262021,Low Risk
1776-SPBWV,0,0.03824188534171659,Low Risk
9050-QLROH,1,0.45998067492273237,Medium Risk
2925-VDZHY,0,0.02201106738895807,Low Risk
9512-UIBFX,1,0.3617503512664291,Medium Risk
8676-TRMJS,1,0.5846618752853493,Medium Risk
3334-CTHOL,1,0.6214026939633258,High Risk
6331-LWDTQ,1,0.3976687311554843,Medium Risk
3847-BAERP,0,0.1073824801212571,Low Risk
4709-LKHYG,0,0.0403326956435945,Low Risk
8621-MNIHH,1,0.49520753941796997,Medium Risk
8884-ADFVN,1,0.8634279649946471,High Risk
2885-HIJDH,0,0.03170006115598226,Low Risk
8570-KLJYJ,0,0.05266183002518271,Low Risk
9339-FIIJL,0,0.03567172342226544,Low Risk
6223-DHJGV,0,0.03988354691466677,Low Risk
0959-WHOKV,0,0.21499875555448403,Low Risk
9610-WCESF,0,0.048434370721993907,Low Risk
9279-CJEOJ,0,0.5489998190441697,Medium Risk
2985-FMWYF,0,0.6312782949676048,High Risk
3540-RZJYU,1,0.3479652854489814,Medium Risk
2522-WLNSF,0,0.07907131511114725,Low Risk
6861-XWTWQ,1,0.8700249908539471,High Risk
8735-NBLWT,0,0.08971764088115909,Low Risk
1744-JHKYS,0,0.09301657234402533,Low Risk
0841-NULXI,1,0.7529585961546039,High Risk
4016-BJKTZ,0,0.18889723658311686,Low Risk
9298-WGMRW,0,0.036345542490822065,Low Risk
7893-IXHRQ,1,0.33954222214203944,Medium Risk
8785-CJSHH,0,0.45008482419223306,Medium Risk
7654-YWJUF,0,0.05936280530811618,Low Risk
8909-BOLNL,0,0.043465466697888984,Low Risk
9919-FZDED,0,0.04371626405874027,Low Risk
0322-CHQRU,1,0.4507100371758789,Medium Risk
3587-PMCOY,0,0.3403557828080644,Medium Risk
0655-RBDUG,1,0.8325630163863347,High Risk
0983-TATYJ,0,0.06736618014431507,Low Risk
5650-YLIBA,0,0.47930415690347583,Medium Risk
5144-TVGLP,0,0.47821956077093675,Medium Risk
3569-EDBPQ,0,0.3213345938708568,Medium Risk
4945-RVMTE,0,0.1814577849835792,Low Risk
3511-BFTJW,0,0.029736225873483717,Low Risk
5537-UXXVS,0,0.08076434374687377,Low Risk
8782-NUUOL,0,0.05534476863037861,Low Risk
2865-TCHJW,1,0.7960905771251068,High Risk
9931-KGHOA,0,0.11955776378017957,Low Risk
3071-MVJCD,0,0.020008533154853268,Low Risk
7279-BUYWN,1,0.45567182227739095,Medium Risk
3756-VNWDH,0,0.21009578077520671,Low Risk
1395-OFUWC,0,0.14030316291260564,Low Risk
4223-BKEOR,0,0.07795467402101876,Low Risk
0040-HALCW,0,0.022868478760326234,Low Risk
7124-UGSUR,1,0.2111049573240657,Low Risk
7395-XWZOY,0,0.12966030187265548,Low Risk
5440-VHLUL,0,0.2111172062268815,Low Risk
4706-DGAHW,0,0.601347606226471,High Risk
8166-ORCHU,0,0.09366632635963147,Low Risk
3978-YNKDD,0,0.026821487293194213,Low Risk
7198-GLXTC,1,0.6599545549438395,High Risk
6366-XIVKZ,0,0.17811844653471906,Low Risk
5133-POWUA,0,0.6131948463812502,High Risk
8400-WZICQ,0,0.11855054488009545,Low Risk
5382-SOYZL,0,0.6623026754143893,High Risk
1989-PRJHP,1,0.4854838082550441,Medium Risk
4154-AQUGT,1,0.4468133416753796,Medium Risk
0980-FEXWF,0,0.06761467085271654,Low Risk
5845-BZZIB,0,0.0228698834069722,Low Risk
4840-ORQXB,0,0.4059122912991746,Medium Risk
0295-PPHDO,1,0.8972438202615458,High Risk
8775-ERLNB,0,0.7888883360259413,High Risk
0376-YMCJC,1,0.4652444823334147,Medium Risk
7410-YTJIK,1,0.5264919201384762,Medium Risk
9927-DSWDF,0,0.4535311193527702,Medium Risk
6681-ZSEXG,0,0.04760358782872968,Low Risk
5702-KVQRD,0,0.03522101333886234,Low Risk
8711-LOBKY,0,0.021679503851197733,Low Risk
9692-TUSXH,1,0.5805952876319237,Medium Risk
4012-YCFAI,0,0.022527329404093858,Low Risk
8455-HIRAQ,0,0.2200075899765788,Low Risk
7853-WNZSY,0,0.3681455207635435,Medium Risk
0390-DCFDQ,1,0.7761796010211516,High Risk
6421-SZVEM,0,0.10368088924051887,Low Risk
3094-JOJAI,0,0.30050088234770655,Medium Risk
4873-ILOLJ,1,0.49633398395549344,Medium Risk
8181-YHCMF,0,0.03332633661131422,Low Risk
3324-OIRTO,0,0.1014276081414526,Low Risk
9135-HSWOC,0,0.02122448789102531,Low Risk
2272-WUSPA,0,0.138222508720812,Low Risk
4627-MIHJH,0,0.09736243044706692,Low Risk
3896-RCYYE,0,0.1299508415466265,Low Risk
6729-GDNGC,0,0.32368858626035074,Medium Risk
9945-PSVIP,0,0.0251858610368004,Low Risk
4137-JOPHL,0,0.048871647486994685,Low Risk
2720-FVBQP,0,0.3927107737310424,Medium Risk
7854-EKTJL,1,0.1676785815947123,Low Risk
1133-KXCGE,0,0.043172970346994834,Low Risk
6048-QBXKL,0,0.5273578696695677,Medium Risk
6338-AVWCY,1,0.5540455184506562,Medium Risk
0013-MHZWF,0,0.22245423985319934,Low Risk
9804-ICWBG,1,0.8157307058365806,High Risk
2368-GAKKQ,0,0.06000420436363392,Low Risk
4829-AUOAX,1,0.3348556772591381,Medium Risk
7876-BEUTG,0,0.28708251145294755,Low Risk
6349-JDHQP,0,0.023625631819427728,Low Risk
3063-QFSZL,1,0.6898242571326292,High Risk
9142-XMYJH,0,0.0713064027905932,Low Risk
2609-IAICY,1,0.8684605729902487,High Risk
8626-PTQGE,0,0.028431390688645013,Low Risk
0230-UBYPQ,0,0.054086998832738584,Low Risk
6814-ZPWFQ,0,0.04805910466733539,Low Risk
5921-NGYRH,0,0.14900805799086983,Low Risk
7803-XOCCZ,0,0.14640432164530576,Low Risk
1459-QNFQT,0,0.029957280967596995,Low Risk
3948-FVVRP,0,0.14269977971507178,Low Risk
0923-PNFUB,1,0.5873530597454539,Medium Risk
4654-ULTTN,0,0.031456203713008425,Low Risk
5628-FCGYG,0,0.6095043910199852,High Risk
0506-LVNGN,1,0.6074936613982583,High Risk
4329-YPDDQ,0,0.4524262407917941,Medium Risk
9866-OCCKE,0,0.07164559927348906,Low Risk
0794-YVSGE,0,0.019010506186035076,Low Risk
4342-HENTK,1,0.6761146893947693,High Risk
5934-TSSAU,0,0.2941212802470604,Low Risk
9986-BONCE,1,0.11264017477566006,Low Risk
5301-GAUUY,1,0.3378086477544772,Medium Risk
0725-CXOTM,0,0.07272835970974144,Low Risk
2843-CQMEG,0,0.18581814613874378,Low Risk
5600-PDUJF,0,0.23524936806294922,Low Risk
4500-HKANN,0,0.03777341788533856,Low Risk
1862-QRWPE,0,0.026659230221294822,Low Risk
2155-AMQRX,0,0.1390421313706049,Low Risk
0823-HSCDJ,1,0.37418917748412006,Medium Risk
4090-KPJIP,0,0.745834874981018,High Risk
2737-YNGYW,1,0.6201202761666567,High Risk
5619-XZZKR,0,0.04852645504080376,Low Risk
6047-YHPVI,1,0.6375519641485459,High Risk
8375-DKEBR,1,0.8308332255085912,High Risk
7729-XBTWX,0,0.021519543137564788,Low Risk
4983-CLMLV,0,0.3109859994256628,Medium Risk
9227-LUNBG,1,0.5442773624747349,Medium Risk
2758-RNWXS,0,0.09020837499206794,Low Risk
7055-HNEOJ,0,0.33442046981325546,Medium Risk
7134-MJPDY,0,0.19168534320905747,Low Risk
4560-WQAQW,0,0.050420859318714914,Low Risk
8532-UEFWH,0,0.022784235386312482,Low Risk
8541-QVFKM,0,0.6961165130550003,High Risk
7129-ACFOG,0,0.37836063451853136,Medium Risk
2495-INZWQ,1,0.6275580902578963,High Risk
0263-FJTQO,0,0.03006494884164552,Low Risk
0181-RITDD,0,0.0796988649654992,Low Risk
8241-JUIQO,0,0.03221740267129653,Low Risk
0913-XWSCN,0,0.24179640956330856,Low Risk
2159-TURXX,0,0.10997680231960388,Low Risk
6461-PPAXN,0,0.04578327594613644,Low Risk
1452-KIOVK,0,0.3853753798229386,Medium Risk
1139-WUOAH,0,0.044347351286086266,Low Risk
3207-OYBWH,1,0.32369329656817664,Medium Risk
8347-GDTMP,0,0.022260085436943543,Low Risk
9909-DFRJA,0,0.13579547337268288,Low Risk
6383-ZTSIW,0,0.15257640998226774,Low Risk
5438-QMDDL,0,0.22765975715490383,Low Risk
8914-RBTSB,1,0.46615172871915467,Medium Risk
6164-HXUGH,0,0.09529993020317602,Low Risk
6900-RBKER,0,0.08753033330276642,Low Risk
1492-QGCLU,0,0.12436180363513899,Low Risk
6664-FPDAC,1,0.2704537394360204,Low Risk
1088-AUUZZ,0,0.02578666461136965,Low Risk
6651-AZVTJ,1,0.5743332742606362,Medium Risk
8219-VYBVI,0,0.022776798049576594,Low Risk
0310-MVLET,1,0.3986061818963933,Medium Risk
7233-IOQNP,0,0.08991328193290817,Low Risk
7311-MQJCH,0,0.058134465869795884,Low Risk
9256-JTBNZ,0,0.09127145878865,Low Risk
8713-IGZSO,0,0.15874161049955,Low Risk
6821-BUXUX,1,0.6394722046830447,High Risk
9114-DPSIA,0,0.022068265415964464,Low Risk
4501-UYKBC,0,0.11276966055648167,Low Risk
2798-NYLMZ,0,0.1044322029393886,Low Risk
6711-VTNRE,1,0.32952120061145906,Medium Risk
5966-EMAZU,0,0.21607653572463878,Low Risk
3627-FHKBK,1,0.5700468467488866,Medium Risk
7861-UVUFT,1,0.5555973931833929,Medium Risk
9824-QCJPK,0,0.03998058579027534,Low Risk
7816-VGHTO,0,0.062067660501313786,Low Risk
3794-NFNCH,0,0.16671178013488078,Low Risk
3877-JRJIP,1,0.7556707863756228,High Risk
5228-EXCET,1,0.588634864694857,Medium Risk
6248-BSHKG,0,0.03134588970529104,Low Risk
8915-NNTRC,0,0.0418372004800071,Low Risk
3470-OBUET,0,0.022712101518712925,Low Risk
3229-USWAR,0,0.08011594409040704,Low Risk
1927-QEWMY,0,0.01910949055189451,Low Risk
6374-AFWOX,0,0.02533248601933604,Low Risk
7912-SYRQT,1,0.6403259604137583,High Risk
2070-FNEXE,1,0.40057205900733817,Medium Risk
5803-NQJZO,0,0.019796463945395602,Low Risk
5651-YLPRD,0,0.4463039254346546,Medium Risk
1271-UODNO,0,0.04848110996574018,Low Risk
5014-WUQMG,0,0.13881907198596583,Low Risk
5889-JTMUL,1,0.47769783029761526,Medium Risk
0788-DXBFY,0,0.040675923889391716,Low Risk
2669-QVCRG,0,0.23753629192959677,Low Risk
6630-UJZMY,0,0.8035062950114326,High Risk
5061-PBXFW,0,0.071842150966229,Low Risk
2700-LUEVA,0,0.2739331472104785,Low Risk
3865-ZFZIB,0,0.027580578564017123,Low Risk
0471-ARVMX,0,0.2762236616996842,Low Risk
8985-OOPOS,0,0.12598276119630192,Low Risk
0719-SYFRB,1,0.15405604834307882,Low Risk
0447-BEMNG,1,0.14833071178130744,Low Risk
5630-AHZIL,0,0.2339578143675645,Low Risk
2190-BCXEC,0,0.24932939060565315,Low Risk
1559-DTODC,0,0.2661546636939256,Low Risk
3244-DCJWY,1,0.807965147364173,High Risk
3967-VQOGC,0,0.02116919090826897,Low Risk
0265-PSUAE,0,0.4485614649654946,Medium Risk
1622-HSHSF,0,0.4275179927010307,Medium Risk
9867-XOBQA,0,0.030447651720489105,Low Risk
6773-LQTVT,0,0.2334864294141257,Low Risk
4332-MUOEZ,0,0.15135253621331143,Low Risk
0023-XUOPT,1,0.6024924533785759,High Risk
6543-CPZMK,1,0.4056464345629544,Medium Risk
6418-HNFED,0,0.02932870259883976,Low Risk
1036-GUDCL,0,0.07415138395750415,Low Risk
4818-QIUFN,1,0.4958159988467162,Medium Risk
0778-NELLA,1,0.39890463790945957,Medium Risk
7495-OOKFY,1,0.6628959188084611,High Risk
4737-HOBAX,0,0.04281681659538372,Low Risk
7919-ZODZZ,0,0.1740268673052108,Low Risk
2988-PLAHS,0,0.24877837645164658,Low Risk
9067-SQTNS,0,0.033001135129709626,Low Risk
6483-OATDN,0,0.20235506267737755,Low Risk
5469-CTCWN,1,0.1886083946466076,Low Risk
3524-WQDSG,0,0.47970059181960983,Medium Risk
6968-URWQU,0,0.10753845575210344,Low Risk
8601-QACRS,1,0.45100896494787307,Medium Risk
8690-UPCZI,0,0.04219834107882606,Low Risk
5331-RGMTT,0,0.47639014674245356,Medium Risk
1357-BIJKI,0,0.31855161943430144,Medium Risk
2088-IEBAU,0,0.03809540069704694,Low Risk
0679-IDSTG,1,0.8265728458111796,High Risk
6519-ZHPXP,0,0.05164258777480387,Low Risk
2101-RANCD,0,0.37155938343989253,Medium Risk
4029-HPFVY,0,0.5822771707011238,Medium Risk
1015-OWJKI,0,0.22165320107630218,Low Risk
8314-HTWVE,0,0.03147732390735285,Low Risk
5357-TZHPP,1,0.717021335979071,High Risk
8727-XDPUD,0,0.05951606832577751,Low Risk
9073-ZZIAY,0,0.028111147379378896,Low Risk
5181-OABFK,0,0.033203697892607395,Low Risk
3812-LRZIR,0,0.02707357378490521,Low Risk
5204-HMGYF,0,0.05541119900974873,Low Risk
9950-MTGYX,0,0.024231017825856953,Low Risk
3675-EQOZA,0,0.11127462605610222,Low Risk
3646-ITDGM,0,0.02282904608780675,Low Risk
3913-FCUUW,0,0.019052008484813657,Low Risk
